image_path,label,encoded_label
/content/drive/MyDrive/guvi/data/Faulty_solar_panel/Physical-Damage/Physical (68).jpg,Physical-Damage,4
/content/drive/MyDrive/guvi/data/Faulty_solar_panel/Physical-Damage/Physical (64).jpg,Physical-Damage,4
/content/drive/MyDrive/guvi/data/Faulty_solar_panel/Physical-Damage/Physical (7).jpg,Physical-Damage,4
/content/drive/MyDrive/guvi/data/Faulty_solar_panel/Physical-Damage/Physical (63).jpg,Physical-Damage,4
/content/drive/MyDrive/guvi/data/Faulty_solar_panel/Physical-Damage/Physical (9).jpg,Physical-Damage,4
/content/drive/MyDrive/guvi/data/Faulty_solar_panel/Physical-Damage/Physical (66).jpg,Physical-Damage,4
/content/drive/MyDrive/guvi/data/Faulty_solar_panel/Physical-Damage/Physical (6).jpg,Physical-Damage,4
/content/drive/MyDrive/guvi/data/Faulty_solar_panel/Physical-Damage/Physical (69).jpg,Physical-Damage,4
/content/drive/MyDrive/guvi/data/Faulty_solar_panel/Physical-Damage/Physical (38).jpg,Physical-Damage,4
/content/drive/MyDrive/guvi/data/Faulty_solar_panel/Physical-Damage/Physical (65).jpg,Physical-Damage,4
/content/drive/MyDrive/guvi/data/Faulty_solar_panel/Physical-Damage/Physical (67).jpg,Physical-Damage,4
/content/drive/MyDrive/guvi/data/Faulty_solar_panel/Physical-Damage/Physical (62).jpg,Physical-Damage,4
/content/drive/MyDrive/guvi/data/Faulty_solar_panel/Physical-Damage/Physical (54).jpg,Physical-Damage,4
/content/drive/MyDrive/guvi/data/Faulty_solar_panel/Physical-Damage/Physical (46).jpg,Physical-Damage,4
/content/drive/MyDrive/guvi/data/Faulty_solar_panel/Physical-Damage/Physical (48).jpg,Physical-Damage,4
/content/drive/MyDrive/guvi/data/Faulty_solar_panel/Physical-Damage/Physical (42).jpg,Physical-Damage,4
/content/drive/MyDrive/guvi/data/Faulty_solar_panel/Physical-Damage/Physical (51).jpg,Physical-Damage,4
/content/drive/MyDrive/guvi/data/Faulty_solar_panel/Physical-Damage/Physical (59).jpg,Physical-Damage,4
/content/drive/MyDrive/guvi/data/Faulty_solar_panel/Physical-Damage/Physical (35).jpg,Physical-Damage,4
/content/drive/MyDrive/guvi/data/Faulty_solar_panel/Physical-Damage/Physical (5).jpg,Physical-Damage,4
/content/drive/MyDrive/guvi/data/Faulty_solar_panel/Physical-Damage/Physical (56).jpg,Physical-Damage,4
/content/drive/MyDrive/guvi/data/Faulty_solar_panel/Physical-Damage/Physical (41).jpg,Physical-Damage,4
/content/drive/MyDrive/guvi/data/Faulty_solar_panel/Physical-Damage/Physical (39).jpg,Physical-Damage,4
/content/drive/MyDrive/guvi/data/Faulty_solar_panel/Physical-Damage/Physical (47).jpg,Physical-Damage,4
/content/drive/MyDrive/guvi/data/Faulty_solar_panel/Physical-Damage/Physical (4).jpg,Physical-Damage,4
/content/drive/MyDrive/guvi/data/Faulty_solar_panel/Physical-Damage/Physical (44).jpg,Physical-Damage,4
/content/drive/MyDrive/guvi/data/Faulty_solar_panel/Physical-Damage/Physical (8).jpg,Physical-Damage,4
/content/drive/MyDrive/guvi/data/Faulty_solar_panel/Physical-Damage/Physical (61).jpg,Physical-Damage,4
/content/drive/MyDrive/guvi/data/Faulty_solar_panel/Physical-Damage/Physical (40).jpg,Physical-Damage,4
/content/drive/MyDrive/guvi/data/Faulty_solar_panel/Physical-Damage/Physical (49).jpg,Physical-Damage,4
/content/drive/MyDrive/guvi/data/Faulty_solar_panel/Physical-Damage/Physical (45).jpg,Physical-Damage,4
/content/drive/MyDrive/guvi/data/Faulty_solar_panel/Physical-Damage/Physical (57).jpg,Physical-Damage,4
/content/drive/MyDrive/guvi/data/Faulty_solar_panel/Physical-Damage/Physical (28).jpg,Physical-Damage,4
/content/drive/MyDrive/guvi/data/Faulty_solar_panel/Physical-Damage/Physical (13).jpg,Physical-Damage,4
/content/drive/MyDrive/guvi/data/Faulty_solar_panel/Physical-Damage/Physical (10).jpg,Physical-Damage,4
/content/drive/MyDrive/guvi/data/Faulty_solar_panel/Physical-Damage/Physical (53).jpg,Physical-Damage,4
/content/drive/MyDrive/guvi/data/Faulty_solar_panel/Physical-Damage/Physical (58).jpg,Physical-Damage,4
/content/drive/MyDrive/guvi/data/Faulty_solar_panel/Physical-Damage/Physical (50).jpg,Physical-Damage,4
/content/drive/MyDrive/guvi/data/Faulty_solar_panel/Physical-Damage/Physical (52).JPG,Physical-Damage,4
/content/drive/MyDrive/guvi/data/Faulty_solar_panel/Physical-Damage/Physical (37).jpg,Physical-Damage,4
/content/drive/MyDrive/guvi/data/Faulty_solar_panel/Physical-Damage/Physical (36).jpg,Physical-Damage,4
/content/drive/MyDrive/guvi/data/Faulty_solar_panel/Physical-Damage/Physical (20).jpg,Physical-Damage,4
/content/drive/MyDrive/guvi/data/Faulty_solar_panel/Physical-Damage/Physical (1).jpg,Physical-Damage,4
/content/drive/MyDrive/guvi/data/Faulty_solar_panel/Physical-Damage/Physical (33).jpg,Physical-Damage,4
/content/drive/MyDrive/guvi/data/Faulty_solar_panel/Physical-Damage/Physical (16).jpg,Physical-Damage,4
/content/drive/MyDrive/guvi/data/Faulty_solar_panel/Physical-Damage/Physical (11).jpg,Physical-Damage,4
/content/drive/MyDrive/guvi/data/Faulty_solar_panel/Physical-Damage/Physical (24).jpg,Physical-Damage,4
/content/drive/MyDrive/guvi/data/Faulty_solar_panel/Physical-Damage/Physical (19).jpg,Physical-Damage,4
/content/drive/MyDrive/guvi/data/Faulty_solar_panel/Physical-Damage/Physical (12).jpg,Physical-Damage,4
/content/drive/MyDrive/guvi/data/Faulty_solar_panel/Physical-Damage/Physical (22).jpg,Physical-Damage,4
/content/drive/MyDrive/guvi/data/Faulty_solar_panel/Physical-Damage/Physical (14).jpg,Physical-Damage,4
/content/drive/MyDrive/guvi/data/Faulty_solar_panel/Physical-Damage/Physical (34).jpg,Physical-Damage,4
/content/drive/MyDrive/guvi/data/Faulty_solar_panel/Physical-Damage/Physical (32).jpg,Physical-Damage,4
/content/drive/MyDrive/guvi/data/Faulty_solar_panel/Physical-Damage/Physical (17).jpg,Physical-Damage,4
/content/drive/MyDrive/guvi/data/Faulty_solar_panel/Physical-Damage/Physical (21).jpg,Physical-Damage,4
/content/drive/MyDrive/guvi/data/Faulty_solar_panel/Physical-Damage/Physical (18).jpg,Physical-Damage,4
/content/drive/MyDrive/guvi/data/Faulty_solar_panel/Physical-Damage/Physical (25).jpg,Physical-Damage,4
/content/drive/MyDrive/guvi/data/Faulty_solar_panel/Physical-Damage/Physical (3).jpg,Physical-Damage,4
/content/drive/MyDrive/guvi/data/Faulty_solar_panel/Physical-Damage/Physical (2).jpg,Physical-Damage,4
/content/drive/MyDrive/guvi/data/Faulty_solar_panel/Physical-Damage/Physical (23).jpg,Physical-Damage,4
/content/drive/MyDrive/guvi/data/Faulty_solar_panel/Physical-Damage/Physical (31).jpg,Physical-Damage,4
/content/drive/MyDrive/guvi/data/Faulty_solar_panel/Physical-Damage/Physical (27).JPG,Physical-Damage,4
/content/drive/MyDrive/guvi/data/Faulty_solar_panel/Physical-Damage/Physical (30).jpg,Physical-Damage,4
/content/drive/MyDrive/guvi/data/Faulty_solar_panel/Physical-Damage/Physical (26).JPG,Physical-Damage,4
/content/drive/MyDrive/guvi/data/Faulty_solar_panel/Snow-Covered/Snow (95).jpg,Snow-Covered,5
/content/drive/MyDrive/guvi/data/Faulty_solar_panel/Snow-Covered/Snow (92).JPG,Snow-Covered,5
/content/drive/MyDrive/guvi/data/Faulty_solar_panel/Snow-Covered/Snow (96).jpg,Snow-Covered,5
/content/drive/MyDrive/guvi/data/Faulty_solar_panel/Snow-Covered/Snow (94).jpg,Snow-Covered,5
/content/drive/MyDrive/guvi/data/Faulty_solar_panel/Snow-Covered/Snow (91).JPG,Snow-Covered,5
/content/drive/MyDrive/guvi/data/Faulty_solar_panel/Snow-Covered/Snow (97).jpg,Snow-Covered,5
/content/drive/MyDrive/guvi/data/Faulty_solar_panel/Snow-Covered/Snow (93).JPG,Snow-Covered,5
/content/drive/MyDrive/guvi/data/Faulty_solar_panel/Snow-Covered/Snow (88).JPG,Snow-Covered,5
/content/drive/MyDrive/guvi/data/Faulty_solar_panel/Snow-Covered/Snow (87).JPG,Snow-Covered,5
/content/drive/MyDrive/guvi/data/Faulty_solar_panel/Snow-Covered/Snow (69).jpg,Snow-Covered,5
/content/drive/MyDrive/guvi/data/Faulty_solar_panel/Snow-Covered/Snow (9).jpg,Snow-Covered,5
/content/drive/MyDrive/guvi/data/Faulty_solar_panel/Snow-Covered/Snow (82).JPG,Snow-Covered,5
/content/drive/MyDrive/guvi/data/Faulty_solar_panel/Snow-Covered/Snow (75).jpg,Snow-Covered,5
/content/drive/MyDrive/guvi/data/Faulty_solar_panel/Snow-Covered/Snow (89).jpg,Snow-Covered,5
/content/drive/MyDrive/guvi/data/Faulty_solar_panel/Snow-Covered/Snow (98).jpg,Snow-Covered,5
/content/drive/MyDrive/guvi/data/Faulty_solar_panel/Snow-Covered/Snow (59).jpg,Snow-Covered,5
/content/drive/MyDrive/guvi/data/Faulty_solar_panel/Snow-Covered/Snow (99).jpg,Snow-Covered,5
/content/drive/MyDrive/guvi/data/Faulty_solar_panel/Snow-Covered/Snow (66).jpg,Snow-Covered,5
/content/drive/MyDrive/guvi/data/Faulty_solar_panel/Snow-Covered/Snow (62).jpg,Snow-Covered,5
/content/drive/MyDrive/guvi/data/Faulty_solar_panel/Snow-Covered/Snow (73).jpg,Snow-Covered,5
/content/drive/MyDrive/guvi/data/Faulty_solar_panel/Snow-Covered/Snow (6).jpg,Snow-Covered,5
/content/drive/MyDrive/guvi/data/Faulty_solar_panel/Snow-Covered/Snow (71).jpg,Snow-Covered,5
/content/drive/MyDrive/guvi/data/Faulty_solar_panel/Snow-Covered/Snow (8).jpg,Snow-Covered,5
/content/drive/MyDrive/guvi/data/Faulty_solar_panel/Snow-Covered/Snow (84).jpg,Snow-Covered,5
/content/drive/MyDrive/guvi/data/Faulty_solar_panel/Snow-Covered/Snow (80).jpg,Snow-Covered,5
/content/drive/MyDrive/guvi/data/Faulty_solar_panel/Snow-Covered/Snow (85).jpg,Snow-Covered,5
/content/drive/MyDrive/guvi/data/Faulty_solar_panel/Snow-Covered/Snow (86).jpg,Snow-Covered,5
/content/drive/MyDrive/guvi/data/Faulty_solar_panel/Snow-Covered/Snow (72).jpg,Snow-Covered,5
/content/drive/MyDrive/guvi/data/Faulty_solar_panel/Snow-Covered/Snow (65).jpg,Snow-Covered,5
/content/drive/MyDrive/guvi/data/Faulty_solar_panel/Snow-Covered/Snow (78).jpg,Snow-Covered,5
/content/drive/MyDrive/guvi/data/Faulty_solar_panel/Snow-Covered/Snow (63).jpg,Snow-Covered,5
/content/drive/MyDrive/guvi/data/Faulty_solar_panel/Snow-Covered/Snow (76).jpg,Snow-Covered,5
/content/drive/MyDrive/guvi/data/Faulty_solar_panel/Snow-Covered/Snow (61).jpg,Snow-Covered,5
/content/drive/MyDrive/guvi/data/Faulty_solar_panel/Snow-Covered/Snow (77).JPG,Snow-Covered,5
/content/drive/MyDrive/guvi/data/Faulty_solar_panel/Snow-Covered/Snow (70).jpg,Snow-Covered,5
/content/drive/MyDrive/guvi/data/Faulty_solar_panel/Snow-Covered/Snow (81).JPG,Snow-Covered,5
/content/drive/MyDrive/guvi/data/Faulty_solar_panel/Snow-Covered/Snow (83).jpg,Snow-Covered,5
/content/drive/MyDrive/guvi/data/Faulty_solar_panel/Snow-Covered/Snow (79).jpg,Snow-Covered,5
/content/drive/MyDrive/guvi/data/Faulty_solar_panel/Snow-Covered/Snow (7).jpg,Snow-Covered,5
/content/drive/MyDrive/guvi/data/Faulty_solar_panel/Snow-Covered/Snow (74).jpg,Snow-Covered,5
/content/drive/MyDrive/guvi/data/Faulty_solar_panel/Snow-Covered/Snow (55).jpg,Snow-Covered,5
/content/drive/MyDrive/guvi/data/Faulty_solar_panel/Snow-Covered/Snow (48).jpg,Snow-Covered,5
/content/drive/MyDrive/guvi/data/Faulty_solar_panel/Snow-Covered/Snow (60).jpg,Snow-Covered,5
/content/drive/MyDrive/guvi/data/Faulty_solar_panel/Snow-Covered/Snow (34).jpg,Snow-Covered,5
/content/drive/MyDrive/guvi/data/Faulty_solar_panel/Snow-Covered/Snow (4).jpg,Snow-Covered,5
/content/drive/MyDrive/guvi/data/Faulty_solar_panel/Snow-Covered/Snow (58).jpg,Snow-Covered,5
/content/drive/MyDrive/guvi/data/Faulty_solar_panel/Snow-Covered/Snow (49).jpg,Snow-Covered,5
/content/drive/MyDrive/guvi/data/Faulty_solar_panel/Snow-Covered/Snow (44).jpg,Snow-Covered,5
/content/drive/MyDrive/guvi/data/Faulty_solar_panel/Snow-Covered/Snow (32).JPG,Snow-Covered,5
/content/drive/MyDrive/guvi/data/Faulty_solar_panel/Snow-Covered/Snow (46).jpg,Snow-Covered,5
/content/drive/MyDrive/guvi/data/Faulty_solar_panel/Snow-Covered/Snow (41).jpg,Snow-Covered,5
/content/drive/MyDrive/guvi/data/Faulty_solar_panel/Snow-Covered/Snow (53).jpg,Snow-Covered,5
/content/drive/MyDrive/guvi/data/Faulty_solar_panel/Snow-Covered/Snow (56).jpg,Snow-Covered,5
/content/drive/MyDrive/guvi/data/Faulty_solar_panel/Snow-Covered/Snow (35).JPG,Snow-Covered,5
/content/drive/MyDrive/guvi/data/Faulty_solar_panel/Snow-Covered/Snow (51).jpg,Snow-Covered,5
/content/drive/MyDrive/guvi/data/Faulty_solar_panel/Snow-Covered/Snow (33).JPG,Snow-Covered,5
/content/drive/MyDrive/guvi/data/Faulty_solar_panel/Snow-Covered/Snow (52).jpg,Snow-Covered,5
/content/drive/MyDrive/guvi/data/Faulty_solar_panel/Snow-Covered/Snow (42).jpg,Snow-Covered,5
/content/drive/MyDrive/guvi/data/Faulty_solar_panel/Snow-Covered/Snow (36).JPG,Snow-Covered,5
/content/drive/MyDrive/guvi/data/Faulty_solar_panel/Snow-Covered/Snow (54).jpg,Snow-Covered,5
/content/drive/MyDrive/guvi/data/Faulty_solar_panel/Snow-Covered/Snow (40).JPG,Snow-Covered,5
/content/drive/MyDrive/guvi/data/Faulty_solar_panel/Snow-Covered/Snow (47).jpg,Snow-Covered,5
/content/drive/MyDrive/guvi/data/Faulty_solar_panel/Snow-Covered/Snow (43).jpg,Snow-Covered,5
/content/drive/MyDrive/guvi/data/Faulty_solar_panel/Snow-Covered/Snow (5).jpg,Snow-Covered,5
/content/drive/MyDrive/guvi/data/Faulty_solar_panel/Snow-Covered/Snow (38).jpg,Snow-Covered,5
/content/drive/MyDrive/guvi/data/Faulty_solar_panel/Snow-Covered/Snow (19).jpg,Snow-Covered,5
/content/drive/MyDrive/guvi/data/Faulty_solar_panel/Snow-Covered/Snow (29).JPG,Snow-Covered,5
/content/drive/MyDrive/guvi/data/Faulty_solar_panel/Snow-Covered/Snow (57).jpg,Snow-Covered,5
/content/drive/MyDrive/guvi/data/Faulty_solar_panel/Snow-Covered/Snow (39).JPG,Snow-Covered,5
/content/drive/MyDrive/guvi/data/Faulty_solar_panel/Snow-Covered/Snow (118).jpg,Snow-Covered,5
/content/drive/MyDrive/guvi/data/Faulty_solar_panel/Snow-Covered/Snow (18).jpg,Snow-Covered,5
/content/drive/MyDrive/guvi/data/Faulty_solar_panel/Snow-Covered/Snow (119).jpg,Snow-Covered,5
/content/drive/MyDrive/guvi/data/Faulty_solar_panel/Snow-Covered/Snow (21).jpg,Snow-Covered,5
/content/drive/MyDrive/guvi/data/Faulty_solar_panel/Snow-Covered/Snow (121).jpg,Snow-Covered,5
/content/drive/MyDrive/guvi/data/Faulty_solar_panel/Snow-Covered/Snow (28).JPG,Snow-Covered,5
/content/drive/MyDrive/guvi/data/Faulty_solar_panel/Snow-Covered/Snow (30).JPG,Snow-Covered,5
/content/drive/MyDrive/guvi/data/Faulty_solar_panel/Snow-Covered/Snow (16).jpg,Snow-Covered,5
/content/drive/MyDrive/guvi/data/Faulty_solar_panel/Snow-Covered/Snow (25).jpg,Snow-Covered,5
/content/drive/MyDrive/guvi/data/Faulty_solar_panel/Snow-Covered/Snow (23).jpg,Snow-Covered,5
/content/drive/MyDrive/guvi/data/Faulty_solar_panel/Snow-Covered/Snow (15).jpg,Snow-Covered,5
/content/drive/MyDrive/guvi/data/Faulty_solar_panel/Snow-Covered/Snow (116).jpg,Snow-Covered,5
/content/drive/MyDrive/guvi/data/Faulty_solar_panel/Snow-Covered/Snow (31).JPG,Snow-Covered,5
/content/drive/MyDrive/guvi/data/Faulty_solar_panel/Snow-Covered/Snow (120).jpg,Snow-Covered,5
/content/drive/MyDrive/guvi/data/Faulty_solar_panel/Snow-Covered/Snow (24).jpg,Snow-Covered,5
/content/drive/MyDrive/guvi/data/Faulty_solar_panel/Snow-Covered/Snow (26).jpg,Snow-Covered,5
/content/drive/MyDrive/guvi/data/Faulty_solar_panel/Snow-Covered/Snow (3).jpg,Snow-Covered,5
/content/drive/MyDrive/guvi/data/Faulty_solar_panel/Snow-Covered/Snow (20).jpg,Snow-Covered,5
/content/drive/MyDrive/guvi/data/Faulty_solar_panel/Snow-Covered/Snow (122).jpg,Snow-Covered,5
/content/drive/MyDrive/guvi/data/Faulty_solar_panel/Snow-Covered/Snow (2).jpg,Snow-Covered,5
/content/drive/MyDrive/guvi/data/Faulty_solar_panel/Snow-Covered/Snow (115).jpg,Snow-Covered,5
/content/drive/MyDrive/guvi/data/Faulty_solar_panel/Snow-Covered/Snow (22).jpg,Snow-Covered,5
/content/drive/MyDrive/guvi/data/Faulty_solar_panel/Snow-Covered/Snow (27).jpg,Snow-Covered,5
/content/drive/MyDrive/guvi/data/Faulty_solar_panel/Snow-Covered/Snow (12).jpg,Snow-Covered,5
/content/drive/MyDrive/guvi/data/Faulty_solar_panel/Snow-Covered/Snow (17).jpg,Snow-Covered,5
/content/drive/MyDrive/guvi/data/Faulty_solar_panel/Snow-Covered/Snow (123).jpg,Snow-Covered,5
/content/drive/MyDrive/guvi/data/Faulty_solar_panel/Snow-Covered/Snow (13).jpg,Snow-Covered,5
/content/drive/MyDrive/guvi/data/Faulty_solar_panel/Snow-Covered/Snow (14).jpg,Snow-Covered,5
/content/drive/MyDrive/guvi/data/Faulty_solar_panel/Snow-Covered/Snow (104).jpg,Snow-Covered,5
/content/drive/MyDrive/guvi/data/Faulty_solar_panel/Snow-Covered/Snow (117).jpg,Snow-Covered,5
/content/drive/MyDrive/guvi/data/Faulty_solar_panel/Snow-Covered/Snow (100).jpg,Snow-Covered,5
/content/drive/MyDrive/guvi/data/Faulty_solar_panel/Snow-Covered/Snow (111).jpg,Snow-Covered,5
/content/drive/MyDrive/guvi/data/Faulty_solar_panel/Snow-Covered/Snow (106).jpg,Snow-Covered,5
/content/drive/MyDrive/guvi/data/Faulty_solar_panel/Snow-Covered/Snow (107).jpg,Snow-Covered,5
/content/drive/MyDrive/guvi/data/Faulty_solar_panel/Snow-Covered/Snow (114).jpg,Snow-Covered,5
/content/drive/MyDrive/guvi/data/Faulty_solar_panel/Snow-Covered/Snow (110).jpg,Snow-Covered,5
/content/drive/MyDrive/guvi/data/Faulty_solar_panel/Snow-Covered/Snow (102).jpg,Snow-Covered,5
/content/drive/MyDrive/guvi/data/Faulty_solar_panel/Snow-Covered/Snow (113).jpg,Snow-Covered,5
/content/drive/MyDrive/guvi/data/Faulty_solar_panel/Snow-Covered/Snow (10).jpg,Snow-Covered,5
/content/drive/MyDrive/guvi/data/Faulty_solar_panel/Snow-Covered/Snow (11).jpg,Snow-Covered,5
/content/drive/MyDrive/guvi/data/Faulty_solar_panel/Snow-Covered/Snow (108).jpg,Snow-Covered,5
/content/drive/MyDrive/guvi/data/Faulty_solar_panel/Snow-Covered/Snow (109).jpg,Snow-Covered,5
/content/drive/MyDrive/guvi/data/Faulty_solar_panel/Snow-Covered/Snow (1).jpg,Snow-Covered,5
/content/drive/MyDrive/guvi/data/Faulty_solar_panel/Snow-Covered/Snow (103).jpg,Snow-Covered,5
/content/drive/MyDrive/guvi/data/Faulty_solar_panel/Bird-drop/Bird (99).jpg,Bird-drop,0
/content/drive/MyDrive/guvi/data/Faulty_solar_panel/Bird-drop/Bird (8).jpg,Bird-drop,0
/content/drive/MyDrive/guvi/data/Faulty_solar_panel/Bird-drop/Bird (98).jpg,Bird-drop,0
/content/drive/MyDrive/guvi/data/Faulty_solar_panel/Bird-drop/Bird (88).jpg,Bird-drop,0
/content/drive/MyDrive/guvi/data/Faulty_solar_panel/Bird-drop/Bird (83).jpg,Bird-drop,0
/content/drive/MyDrive/guvi/data/Faulty_solar_panel/Bird-drop/Bird (9).jpg,Bird-drop,0
/content/drive/MyDrive/guvi/data/Faulty_solar_panel/Bird-drop/Bird (97).jpg,Bird-drop,0
/content/drive/MyDrive/guvi/data/Faulty_solar_panel/Bird-drop/Bird (84).jpg,Bird-drop,0
/content/drive/MyDrive/guvi/data/Faulty_solar_panel/Bird-drop/Bird (86).jpg,Bird-drop,0
/content/drive/MyDrive/guvi/data/Faulty_solar_panel/Bird-drop/Bird (95).jpg,Bird-drop,0
/content/drive/MyDrive/guvi/data/Faulty_solar_panel/Bird-drop/Bird (91).jpg,Bird-drop,0
/content/drive/MyDrive/guvi/data/Faulty_solar_panel/Bird-drop/Bird (78).jpg,Bird-drop,0
/content/drive/MyDrive/guvi/data/Faulty_solar_panel/Bird-drop/Bird (89).jpg,Bird-drop,0
/content/drive/MyDrive/guvi/data/Faulty_solar_panel/Bird-drop/Bird (92).jpg,Bird-drop,0
/content/drive/MyDrive/guvi/data/Faulty_solar_panel/Bird-drop/Bird (87).jpg,Bird-drop,0
/content/drive/MyDrive/guvi/data/Faulty_solar_panel/Bird-drop/Bird (94).jpg,Bird-drop,0
/content/drive/MyDrive/guvi/data/Faulty_solar_panel/Bird-drop/Bird (82).jpg,Bird-drop,0
/content/drive/MyDrive/guvi/data/Faulty_solar_panel/Bird-drop/Bird (96).jpg,Bird-drop,0
/content/drive/MyDrive/guvi/data/Faulty_solar_panel/Bird-drop/Bird (90).jpg,Bird-drop,0
/content/drive/MyDrive/guvi/data/Faulty_solar_panel/Bird-drop/Bird (93).jpg,Bird-drop,0
/content/drive/MyDrive/guvi/data/Faulty_solar_panel/Bird-drop/Bird (58).jpg,Bird-drop,0
/content/drive/MyDrive/guvi/data/Faulty_solar_panel/Bird-drop/Bird (85).jpg,Bird-drop,0
/content/drive/MyDrive/guvi/data/Faulty_solar_panel/Bird-drop/Bird (81).jpg,Bird-drop,0
/content/drive/MyDrive/guvi/data/Faulty_solar_panel/Bird-drop/Bird (65).jpg,Bird-drop,0
/content/drive/MyDrive/guvi/data/Faulty_solar_panel/Bird-drop/Bird (71).jpg,Bird-drop,0
/content/drive/MyDrive/guvi/data/Faulty_solar_panel/Bird-drop/Bird (70).jpg,Bird-drop,0
/content/drive/MyDrive/guvi/data/Faulty_solar_panel/Bird-drop/Bird (72).jpg,Bird-drop,0
/content/drive/MyDrive/guvi/data/Faulty_solar_panel/Bird-drop/Bird (75).jpg,Bird-drop,0
/content/drive/MyDrive/guvi/data/Faulty_solar_panel/Bird-drop/Bird (69).JPG,Bird-drop,0
/content/drive/MyDrive/guvi/data/Faulty_solar_panel/Bird-drop/Bird (76).jpg,Bird-drop,0
/content/drive/MyDrive/guvi/data/Faulty_solar_panel/Bird-drop/Bird (60).jpg,Bird-drop,0
/content/drive/MyDrive/guvi/data/Faulty_solar_panel/Bird-drop/Bird (61).jpg,Bird-drop,0
/content/drive/MyDrive/guvi/data/Faulty_solar_panel/Bird-drop/Bird (73).jpg,Bird-drop,0
/content/drive/MyDrive/guvi/data/Faulty_solar_panel/Bird-drop/Bird (74).jpg,Bird-drop,0
/content/drive/MyDrive/guvi/data/Faulty_solar_panel/Bird-drop/Bird (56).jpg,Bird-drop,0
/content/drive/MyDrive/guvi/data/Faulty_solar_panel/Bird-drop/Bird (67).jpg,Bird-drop,0
/content/drive/MyDrive/guvi/data/Faulty_solar_panel/Bird-drop/Bird (54).jpg,Bird-drop,0
/content/drive/MyDrive/guvi/data/Faulty_solar_panel/Bird-drop/Bird (77).jpg,Bird-drop,0
/content/drive/MyDrive/guvi/data/Faulty_solar_panel/Bird-drop/Bird (68).jpg,Bird-drop,0
/content/drive/MyDrive/guvi/data/Faulty_solar_panel/Bird-drop/Bird (6).jpg,Bird-drop,0
/content/drive/MyDrive/guvi/data/Faulty_solar_panel/Bird-drop/Bird (55).jpg,Bird-drop,0
/content/drive/MyDrive/guvi/data/Faulty_solar_panel/Bird-drop/Bird (59).jpg,Bird-drop,0
/content/drive/MyDrive/guvi/data/Faulty_solar_panel/Bird-drop/Bird (63).jpg,Bird-drop,0
/content/drive/MyDrive/guvi/data/Faulty_solar_panel/Bird-drop/Bird (64).jpg,Bird-drop,0
/content/drive/MyDrive/guvi/data/Faulty_solar_panel/Bird-drop/Bird (66).jpg,Bird-drop,0
/content/drive/MyDrive/guvi/data/Faulty_solar_panel/Bird-drop/Bird (44).jpg,Bird-drop,0
/content/drive/MyDrive/guvi/data/Faulty_solar_panel/Bird-drop/Bird (47).jpg,Bird-drop,0
/content/drive/MyDrive/guvi/data/Faulty_solar_panel/Bird-drop/Bird (7).jpg,Bird-drop,0
/content/drive/MyDrive/guvi/data/Faulty_solar_panel/Bird-drop/Bird (41).jpg,Bird-drop,0
/content/drive/MyDrive/guvi/data/Faulty_solar_panel/Bird-drop/Bird (29).jpg,Bird-drop,0
/content/drive/MyDrive/guvi/data/Faulty_solar_panel/Bird-drop/Bird (32).JPG,Bird-drop,0
/content/drive/MyDrive/guvi/data/Faulty_solar_panel/Bird-drop/Bird (50).jpg,Bird-drop,0
/content/drive/MyDrive/guvi/data/Faulty_solar_panel/Bird-drop/Bird (3).jpg,Bird-drop,0
/content/drive/MyDrive/guvi/data/Faulty_solar_panel/Bird-drop/Bird (30).jpg,Bird-drop,0
/content/drive/MyDrive/guvi/data/Faulty_solar_panel/Bird-drop/Bird (53).jpg,Bird-drop,0
/content/drive/MyDrive/guvi/data/Faulty_solar_panel/Bird-drop/Bird (38).jpg,Bird-drop,0
/content/drive/MyDrive/guvi/data/Faulty_solar_panel/Bird-drop/Bird (36).jpg,Bird-drop,0
/content/drive/MyDrive/guvi/data/Faulty_solar_panel/Bird-drop/Bird (31).JPG,Bird-drop,0
/content/drive/MyDrive/guvi/data/Faulty_solar_panel/Bird-drop/Bird (51).jpg,Bird-drop,0
/content/drive/MyDrive/guvi/data/Faulty_solar_panel/Bird-drop/Bird (45).jpg,Bird-drop,0
/content/drive/MyDrive/guvi/data/Faulty_solar_panel/Bird-drop/Bird (48).jpg,Bird-drop,0
/content/drive/MyDrive/guvi/data/Faulty_solar_panel/Bird-drop/Bird (34).jpg,Bird-drop,0
/content/drive/MyDrive/guvi/data/Faulty_solar_panel/Bird-drop/Bird (39).jpg,Bird-drop,0
/content/drive/MyDrive/guvi/data/Faulty_solar_panel/Bird-drop/Bird (35).jpg,Bird-drop,0
/content/drive/MyDrive/guvi/data/Faulty_solar_panel/Bird-drop/Bird (43).jpg,Bird-drop,0
/content/drive/MyDrive/guvi/data/Faulty_solar_panel/Bird-drop/Bird (42).jpg,Bird-drop,0
/content/drive/MyDrive/guvi/data/Faulty_solar_panel/Bird-drop/Bird (23).JPG,Bird-drop,0
/content/drive/MyDrive/guvi/data/Faulty_solar_panel/Bird-drop/Bird (33).jpg,Bird-drop,0
/content/drive/MyDrive/guvi/data/Faulty_solar_panel/Bird-drop/Bird (198).JPG,Bird-drop,0
/content/drive/MyDrive/guvi/data/Faulty_solar_panel/Bird-drop/Bird (27).JPG,Bird-drop,0
/content/drive/MyDrive/guvi/data/Faulty_solar_panel/Bird-drop/Bird (24).JPG,Bird-drop,0
/content/drive/MyDrive/guvi/data/Faulty_solar_panel/Bird-drop/Bird (187).jpg,Bird-drop,0
/content/drive/MyDrive/guvi/data/Faulty_solar_panel/Bird-drop/Bird (189).jpg,Bird-drop,0
/content/drive/MyDrive/guvi/data/Faulty_solar_panel/Bird-drop/Bird (28).jpg,Bird-drop,0
/content/drive/MyDrive/guvi/data/Faulty_solar_panel/Bird-drop/Bird (19).jpg,Bird-drop,0
/content/drive/MyDrive/guvi/data/Faulty_solar_panel/Bird-drop/Bird (3).jpeg,Bird-drop,0
/content/drive/MyDrive/guvi/data/Faulty_solar_panel/Bird-drop/Bird (197).jpg,Bird-drop,0
/content/drive/MyDrive/guvi/data/Faulty_solar_panel/Bird-drop/Bird (20).jpg,Bird-drop,0
/content/drive/MyDrive/guvi/data/Faulty_solar_panel/Bird-drop/Bird (18).jpg,Bird-drop,0
/content/drive/MyDrive/guvi/data/Faulty_solar_panel/Bird-drop/Bird (26).JPG,Bird-drop,0
/content/drive/MyDrive/guvi/data/Faulty_solar_panel/Bird-drop/Bird (194).jpg,Bird-drop,0
/content/drive/MyDrive/guvi/data/Faulty_solar_panel/Bird-drop/Bird (193).jpg,Bird-drop,0
/content/drive/MyDrive/guvi/data/Faulty_solar_panel/Bird-drop/Bird (188).jpg,Bird-drop,0
/content/drive/MyDrive/guvi/data/Faulty_solar_panel/Bird-drop/Bird (192).jpg,Bird-drop,0
/content/drive/MyDrive/guvi/data/Faulty_solar_panel/Bird-drop/Bird (185).jpg,Bird-drop,0
/content/drive/MyDrive/guvi/data/Faulty_solar_panel/Bird-drop/Bird (181).jpg,Bird-drop,0
/content/drive/MyDrive/guvi/data/Faulty_solar_panel/Bird-drop/Bird (195).jpg,Bird-drop,0
/content/drive/MyDrive/guvi/data/Faulty_solar_panel/Bird-drop/Bird (21).jpg,Bird-drop,0
/content/drive/MyDrive/guvi/data/Faulty_solar_panel/Bird-drop/Bird (186).jpg,Bird-drop,0
/content/drive/MyDrive/guvi/data/Faulty_solar_panel/Bird-drop/Bird (180).jpg,Bird-drop,0
/content/drive/MyDrive/guvi/data/Faulty_solar_panel/Bird-drop/Bird (183).jpg,Bird-drop,0
/content/drive/MyDrive/guvi/data/Faulty_solar_panel/Bird-drop/Bird (2).JPG,Bird-drop,0
/content/drive/MyDrive/guvi/data/Faulty_solar_panel/Bird-drop/Bird (148).jpg,Bird-drop,0
/content/drive/MyDrive/guvi/data/Faulty_solar_panel/Bird-drop/Bird (146).jpg,Bird-drop,0
/content/drive/MyDrive/guvi/data/Faulty_solar_panel/Bird-drop/Bird (173).jpg,Bird-drop,0
/content/drive/MyDrive/guvi/data/Faulty_solar_panel/Bird-drop/Bird (179).JPG,Bird-drop,0
/content/drive/MyDrive/guvi/data/Faulty_solar_panel/Bird-drop/Bird (16).JPG,Bird-drop,0
/content/drive/MyDrive/guvi/data/Faulty_solar_panel/Bird-drop/Bird (167).JPG,Bird-drop,0
/content/drive/MyDrive/guvi/data/Faulty_solar_panel/Bird-drop/Bird (159).jpg,Bird-drop,0
/content/drive/MyDrive/guvi/data/Faulty_solar_panel/Bird-drop/Bird (171).JPG,Bird-drop,0
/content/drive/MyDrive/guvi/data/Faulty_solar_panel/Bird-drop/Bird (149).jpg,Bird-drop,0
/content/drive/MyDrive/guvi/data/Faulty_solar_panel/Bird-drop/Bird (161).jpg,Bird-drop,0
/content/drive/MyDrive/guvi/data/Faulty_solar_panel/Bird-drop/Bird (177).jpg,Bird-drop,0
/content/drive/MyDrive/guvi/data/Faulty_solar_panel/Bird-drop/Bird (17).jpg,Bird-drop,0
/content/drive/MyDrive/guvi/data/Faulty_solar_panel/Bird-drop/Bird (15).JPG,Bird-drop,0
/content/drive/MyDrive/guvi/data/Faulty_solar_panel/Bird-drop/Bird (169).jpg,Bird-drop,0
/content/drive/MyDrive/guvi/data/Faulty_solar_panel/Bird-drop/Bird (160).jpg,Bird-drop,0
/content/drive/MyDrive/guvi/data/Faulty_solar_panel/Bird-drop/Bird (170).JPG,Bird-drop,0
/content/drive/MyDrive/guvi/data/Faulty_solar_panel/Bird-drop/Bird (168).jpg,Bird-drop,0
/content/drive/MyDrive/guvi/data/Faulty_solar_panel/Bird-drop/Bird (163).jpg,Bird-drop,0
/content/drive/MyDrive/guvi/data/Faulty_solar_panel/Bird-drop/Bird (137).JPG,Bird-drop,0
/content/drive/MyDrive/guvi/data/Faulty_solar_panel/Bird-drop/Bird (136).JPG,Bird-drop,0
/content/drive/MyDrive/guvi/data/Faulty_solar_panel/Bird-drop/Bird (138).JPG,Bird-drop,0
/content/drive/MyDrive/guvi/data/Faulty_solar_panel/Bird-drop/Bird (122).jpg,Bird-drop,0
/content/drive/MyDrive/guvi/data/Faulty_solar_panel/Bird-drop/Bird (135).jpg,Bird-drop,0
/content/drive/MyDrive/guvi/data/Faulty_solar_panel/Bird-drop/Bird (123).jpg,Bird-drop,0
/content/drive/MyDrive/guvi/data/Faulty_solar_panel/Bird-drop/Bird (141).jpg,Bird-drop,0
/content/drive/MyDrive/guvi/data/Faulty_solar_panel/Bird-drop/Bird (130).jpg,Bird-drop,0
/content/drive/MyDrive/guvi/data/Faulty_solar_panel/Bird-drop/Bird (13).jpg,Bird-drop,0
/content/drive/MyDrive/guvi/data/Faulty_solar_panel/Bird-drop/Bird (131).jpg,Bird-drop,0
/content/drive/MyDrive/guvi/data/Faulty_solar_panel/Bird-drop/Bird (140).jpg,Bird-drop,0
/content/drive/MyDrive/guvi/data/Faulty_solar_panel/Bird-drop/Bird (14).JPG,Bird-drop,0
/content/drive/MyDrive/guvi/data/Faulty_solar_panel/Bird-drop/Bird (126).jpg,Bird-drop,0
/content/drive/MyDrive/guvi/data/Faulty_solar_panel/Bird-drop/Bird (121).jpg,Bird-drop,0
/content/drive/MyDrive/guvi/data/Faulty_solar_panel/Bird-drop/Bird (127).jpg,Bird-drop,0
/content/drive/MyDrive/guvi/data/Faulty_solar_panel/Bird-drop/Bird (128).jpg,Bird-drop,0
/content/drive/MyDrive/guvi/data/Faulty_solar_panel/Bird-drop/Bird (129).jpg,Bird-drop,0
/content/drive/MyDrive/guvi/data/Faulty_solar_panel/Bird-drop/Bird (12).jpg,Bird-drop,0
/content/drive/MyDrive/guvi/data/Faulty_solar_panel/Bird-drop/Bird (134).JPG,Bird-drop,0
/content/drive/MyDrive/guvi/data/Faulty_solar_panel/Bird-drop/Bird (114).jpg,Bird-drop,0
/content/drive/MyDrive/guvi/data/Faulty_solar_panel/Bird-drop/Bird (118).jpg,Bird-drop,0
/content/drive/MyDrive/guvi/data/Faulty_solar_panel/Bird-drop/Bird (101).jpg,Bird-drop,0
/content/drive/MyDrive/guvi/data/Faulty_solar_panel/Bird-drop/Bird (113).jpg,Bird-drop,0
/content/drive/MyDrive/guvi/data/Faulty_solar_panel/Bird-drop/Bird (102).jpg,Bird-drop,0
/content/drive/MyDrive/guvi/data/Faulty_solar_panel/Bird-drop/Bird (104).jpg,Bird-drop,0
/content/drive/MyDrive/guvi/data/Faulty_solar_panel/Bird-drop/Bird (111).jpg,Bird-drop,0
/content/drive/MyDrive/guvi/data/Faulty_solar_panel/Bird-drop/Bird (105).jpg,Bird-drop,0
/content/drive/MyDrive/guvi/data/Faulty_solar_panel/Bird-drop/Bird (115).jpg,Bird-drop,0
/content/drive/MyDrive/guvi/data/Faulty_solar_panel/Bird-drop/Bird (106).jpg,Bird-drop,0
/content/drive/MyDrive/guvi/data/Faulty_solar_panel/Bird-drop/Bird (120).jpg,Bird-drop,0
/content/drive/MyDrive/guvi/data/Faulty_solar_panel/Bird-drop/Bird (100).jpg,Bird-drop,0
/content/drive/MyDrive/guvi/data/Faulty_solar_panel/Bird-drop/Bird (1).jpeg,Bird-drop,0
/content/drive/MyDrive/guvi/data/Faulty_solar_panel/Electrical-damage/Electrical (79).jpg,Electrical-damage,3
/content/drive/MyDrive/guvi/data/Faulty_solar_panel/Electrical-damage/Electrical (99).jpg,Electrical-damage,3
/content/drive/MyDrive/guvi/data/Faulty_solar_panel/Electrical-damage/Electrical (8).jpg,Electrical-damage,3
/content/drive/MyDrive/guvi/data/Faulty_solar_panel/Electrical-damage/Electrical (93).jpg,Electrical-damage,3
/content/drive/MyDrive/guvi/data/Faulty_solar_panel/Electrical-damage/Electrical (83).jpg,Electrical-damage,3
/content/drive/MyDrive/guvi/data/Faulty_solar_panel/Electrical-damage/Electrical (9).jpg,Electrical-damage,3
/content/drive/MyDrive/guvi/data/Faulty_solar_panel/Electrical-damage/Electrical (72).jpg,Electrical-damage,3
/content/drive/MyDrive/guvi/data/Faulty_solar_panel/Electrical-damage/Electrical (76).jpg,Electrical-damage,3
/content/drive/MyDrive/guvi/data/Faulty_solar_panel/Electrical-damage/Electrical (91).jpg,Electrical-damage,3
/content/drive/MyDrive/guvi/data/Faulty_solar_panel/Electrical-damage/Electrical (86).JPG,Electrical-damage,3
/content/drive/MyDrive/guvi/data/Faulty_solar_panel/Electrical-damage/Electrical (95).jpg,Electrical-damage,3
/content/drive/MyDrive/guvi/data/Faulty_solar_panel/Electrical-damage/Electrical (81).jpg,Electrical-damage,3
/content/drive/MyDrive/guvi/data/Faulty_solar_panel/Electrical-damage/Electrical (74).jpg,Electrical-damage,3
/content/drive/MyDrive/guvi/data/Faulty_solar_panel/Electrical-damage/Electrical (73).JPG,Electrical-damage,3
/content/drive/MyDrive/guvi/data/Faulty_solar_panel/Electrical-damage/Electrical (94).jpg,Electrical-damage,3
/content/drive/MyDrive/guvi/data/Faulty_solar_panel/Electrical-damage/Electrical (77).jpg,Electrical-damage,3
/content/drive/MyDrive/guvi/data/Faulty_solar_panel/Electrical-damage/Electrical (88).jpg,Electrical-damage,3
/content/drive/MyDrive/guvi/data/Faulty_solar_panel/Electrical-damage/Electrical (85).JPG,Electrical-damage,3
/content/drive/MyDrive/guvi/data/Faulty_solar_panel/Electrical-damage/Electrical (78).jpg,Electrical-damage,3
/content/drive/MyDrive/guvi/data/Faulty_solar_panel/Electrical-damage/Electrical (97).jpg,Electrical-damage,3
/content/drive/MyDrive/guvi/data/Faulty_solar_panel/Electrical-damage/Electrical (87).jpg,Electrical-damage,3
/content/drive/MyDrive/guvi/data/Faulty_solar_panel/Electrical-damage/Electrical (98).jpg,Electrical-damage,3
/content/drive/MyDrive/guvi/data/Faulty_solar_panel/Electrical-damage/Electrical (89).jpg,Electrical-damage,3
/content/drive/MyDrive/guvi/data/Faulty_solar_panel/Electrical-damage/Electrical (96).jpg,Electrical-damage,3
/content/drive/MyDrive/guvi/data/Faulty_solar_panel/Electrical-damage/Electrical (92).jpg,Electrical-damage,3
/content/drive/MyDrive/guvi/data/Faulty_solar_panel/Electrical-damage/Electrical (80).jpg,Electrical-damage,3
/content/drive/MyDrive/guvi/data/Faulty_solar_panel/Electrical-damage/Electrical (90).jpg,Electrical-damage,3
/content/drive/MyDrive/guvi/data/Faulty_solar_panel/Electrical-damage/Electrical (58).jpg,Electrical-damage,3
/content/drive/MyDrive/guvi/data/Faulty_solar_panel/Electrical-damage/Electrical (59).jpg,Electrical-damage,3
/content/drive/MyDrive/guvi/data/Faulty_solar_panel/Electrical-damage/Electrical (69).jpg,Electrical-damage,3
/content/drive/MyDrive/guvi/data/Faulty_solar_panel/Electrical-damage/Electrical (68).JPG,Electrical-damage,3
/content/drive/MyDrive/guvi/data/Faulty_solar_panel/Electrical-damage/Electrical (62).jpg,Electrical-damage,3
/content/drive/MyDrive/guvi/data/Faulty_solar_panel/Electrical-damage/Electrical (61).jpg,Electrical-damage,3
/content/drive/MyDrive/guvi/data/Faulty_solar_panel/Electrical-damage/Electrical (66).JPG,Electrical-damage,3
/content/drive/MyDrive/guvi/data/Faulty_solar_panel/Electrical-damage/Electrical (5).jpg,Electrical-damage,3
/content/drive/MyDrive/guvi/data/Faulty_solar_panel/Electrical-damage/Electrical (49).jpg,Electrical-damage,3
/content/drive/MyDrive/guvi/data/Faulty_solar_panel/Electrical-damage/Electrical (55).jpg,Electrical-damage,3
/content/drive/MyDrive/guvi/data/Faulty_solar_panel/Electrical-damage/Electrical (65).JPG,Electrical-damage,3
/content/drive/MyDrive/guvi/data/Faulty_solar_panel/Electrical-damage/Electrical (56).jpg,Electrical-damage,3
/content/drive/MyDrive/guvi/data/Faulty_solar_panel/Electrical-damage/Electrical (6).jpg,Electrical-damage,3
/content/drive/MyDrive/guvi/data/Faulty_solar_panel/Electrical-damage/Electrical (7).jpg,Electrical-damage,3
/content/drive/MyDrive/guvi/data/Faulty_solar_panel/Electrical-damage/Electrical (50).jpg,Electrical-damage,3
/content/drive/MyDrive/guvi/data/Faulty_solar_panel/Electrical-damage/Electrical (60).jpg,Electrical-damage,3
/content/drive/MyDrive/guvi/data/Faulty_solar_panel/Electrical-damage/Electrical (53).JPG,Electrical-damage,3
/content/drive/MyDrive/guvi/data/Faulty_solar_panel/Electrical-damage/Electrical (67).JPG,Electrical-damage,3
/content/drive/MyDrive/guvi/data/Faulty_solar_panel/Electrical-damage/Electrical (57).JPG,Electrical-damage,3
/content/drive/MyDrive/guvi/data/Faulty_solar_panel/Electrical-damage/Electrical (52).jpg,Electrical-damage,3
/content/drive/MyDrive/guvi/data/Faulty_solar_panel/Electrical-damage/Electrical (71).jpg,Electrical-damage,3
/content/drive/MyDrive/guvi/data/Faulty_solar_panel/Electrical-damage/Electrical (51).jpg,Electrical-damage,3
/content/drive/MyDrive/guvi/data/Faulty_solar_panel/Electrical-damage/Electrical (48).jpg,Electrical-damage,3
/content/drive/MyDrive/guvi/data/Faulty_solar_panel/Electrical-damage/Electrical (63).jpg,Electrical-damage,3
/content/drive/MyDrive/guvi/data/Faulty_solar_panel/Electrical-damage/Electrical (64).JPG,Electrical-damage,3
/content/drive/MyDrive/guvi/data/Faulty_solar_panel/Electrical-damage/Electrical (54).jpg,Electrical-damage,3
/content/drive/MyDrive/guvi/data/Faulty_solar_panel/Electrical-damage/Electrical (3).png,Electrical-damage,3
/content/drive/MyDrive/guvi/data/Faulty_solar_panel/Electrical-damage/Electrical (70).jpg,Electrical-damage,3
/content/drive/MyDrive/guvi/data/Faulty_solar_panel/Electrical-damage/Electrical (30).jpg,Electrical-damage,3
/content/drive/MyDrive/guvi/data/Faulty_solar_panel/Electrical-damage/Electrical (23).jpg,Electrical-damage,3
/content/drive/MyDrive/guvi/data/Faulty_solar_panel/Electrical-damage/Electrical (21).jpg,Electrical-damage,3
/content/drive/MyDrive/guvi/data/Faulty_solar_panel/Electrical-damage/Electrical (44).jpg,Electrical-damage,3
/content/drive/MyDrive/guvi/data/Faulty_solar_panel/Electrical-damage/Electrical (33).jpg,Electrical-damage,3
/content/drive/MyDrive/guvi/data/Faulty_solar_panel/Electrical-damage/Electrical (39).jpg,Electrical-damage,3
/content/drive/MyDrive/guvi/data/Faulty_solar_panel/Electrical-damage/Electrical (24).jpg,Electrical-damage,3
/content/drive/MyDrive/guvi/data/Faulty_solar_panel/Electrical-damage/Electrical (28).jpg,Electrical-damage,3
/content/drive/MyDrive/guvi/data/Faulty_solar_panel/Electrical-damage/Electrical (31).jpg,Electrical-damage,3
/content/drive/MyDrive/guvi/data/Faulty_solar_panel/Electrical-damage/Electrical (42).jpg,Electrical-damage,3
/content/drive/MyDrive/guvi/data/Faulty_solar_panel/Electrical-damage/Electrical (22).jpg,Electrical-damage,3
/content/drive/MyDrive/guvi/data/Faulty_solar_panel/Electrical-damage/Electrical (25).jpg,Electrical-damage,3
/content/drive/MyDrive/guvi/data/Faulty_solar_panel/Electrical-damage/Electrical (26).jpg,Electrical-damage,3
/content/drive/MyDrive/guvi/data/Faulty_solar_panel/Electrical-damage/Electrical (43).jpg,Electrical-damage,3
/content/drive/MyDrive/guvi/data/Faulty_solar_panel/Electrical-damage/Electrical (38).jpg,Electrical-damage,3
/content/drive/MyDrive/guvi/data/Faulty_solar_panel/Electrical-damage/Electrical (29).jpg,Electrical-damage,3
/content/drive/MyDrive/guvi/data/Faulty_solar_panel/Electrical-damage/Electrical (27).jpg,Electrical-damage,3
/content/drive/MyDrive/guvi/data/Faulty_solar_panel/Electrical-damage/Electrical (41).jpg,Electrical-damage,3
/content/drive/MyDrive/guvi/data/Faulty_solar_panel/Electrical-damage/Electrical (3).JPG,Electrical-damage,3
/content/drive/MyDrive/guvi/data/Faulty_solar_panel/Electrical-damage/Electrical (4).png,Electrical-damage,3
/content/drive/MyDrive/guvi/data/Faulty_solar_panel/Electrical-damage/Electrical (40).jpg,Electrical-damage,3
/content/drive/MyDrive/guvi/data/Faulty_solar_panel/Electrical-damage/Electrical (35).jpg,Electrical-damage,3
/content/drive/MyDrive/guvi/data/Faulty_solar_panel/Electrical-damage/Electrical (46).jpg,Electrical-damage,3
/content/drive/MyDrive/guvi/data/Faulty_solar_panel/Electrical-damage/Electrical (17).jpg,Electrical-damage,3
/content/drive/MyDrive/guvi/data/Faulty_solar_panel/Electrical-damage/Electrical (36).jpg,Electrical-damage,3
/content/drive/MyDrive/guvi/data/Faulty_solar_panel/Electrical-damage/Electrical (4).JPG,Electrical-damage,3
/content/drive/MyDrive/guvi/data/Faulty_solar_panel/Electrical-damage/Electrical (14).jpg,Electrical-damage,3
/content/drive/MyDrive/guvi/data/Faulty_solar_panel/Electrical-damage/Electrical (11).jpg,Electrical-damage,3
/content/drive/MyDrive/guvi/data/Faulty_solar_panel/Electrical-damage/Electrical (13).jpg,Electrical-damage,3
/content/drive/MyDrive/guvi/data/Faulty_solar_panel/Electrical-damage/Electrical (2).JPG,Electrical-damage,3
/content/drive/MyDrive/guvi/data/Faulty_solar_panel/Electrical-damage/Electrical (15).jpg,Electrical-damage,3
/content/drive/MyDrive/guvi/data/Faulty_solar_panel/Electrical-damage/Electrical (10).jpg,Electrical-damage,3
/content/drive/MyDrive/guvi/data/Faulty_solar_panel/Electrical-damage/Electrical (2).png,Electrical-damage,3
/content/drive/MyDrive/guvi/data/Faulty_solar_panel/Electrical-damage/Electrical (19).jpg,Electrical-damage,3
/content/drive/MyDrive/guvi/data/Faulty_solar_panel/Electrical-damage/Electrical (16).jpg,Electrical-damage,3
/content/drive/MyDrive/guvi/data/Faulty_solar_panel/Electrical-damage/Electrical (12).jpg,Electrical-damage,3
/content/drive/MyDrive/guvi/data/Faulty_solar_panel/Dusty/Dust (96).jpg,Dusty,2
/content/drive/MyDrive/guvi/data/Faulty_solar_panel/Dusty/Dust (98).jpg,Dusty,2
/content/drive/MyDrive/guvi/data/Faulty_solar_panel/Dusty/Dust (9).jpg,Dusty,2
/content/drive/MyDrive/guvi/data/Faulty_solar_panel/Dusty/Dust (91).jpg,Dusty,2
/content/drive/MyDrive/guvi/data/Faulty_solar_panel/Dusty/Dust (94).jpg,Dusty,2
/content/drive/MyDrive/guvi/data/Faulty_solar_panel/Dusty/Dust (90).jpg,Dusty,2
/content/drive/MyDrive/guvi/data/Faulty_solar_panel/Dusty/Dust (92).jpg,Dusty,2
/content/drive/MyDrive/guvi/data/Faulty_solar_panel/Dusty/Dust (95).jpg,Dusty,2
/content/drive/MyDrive/guvi/data/Faulty_solar_panel/Dusty/Dust (93).jpg,Dusty,2
/content/drive/MyDrive/guvi/data/Faulty_solar_panel/Dusty/Dust (97).jpg,Dusty,2
/content/drive/MyDrive/guvi/data/Faulty_solar_panel/Dusty/Dust (89).jpg,Dusty,2
/content/drive/MyDrive/guvi/data/Faulty_solar_panel/Dusty/Dust (99).jpg,Dusty,2
/content/drive/MyDrive/guvi/data/Faulty_solar_panel/Dusty/Dust (70).jpg,Dusty,2
/content/drive/MyDrive/guvi/data/Faulty_solar_panel/Dusty/Dust (72).jpg,Dusty,2
/content/drive/MyDrive/guvi/data/Faulty_solar_panel/Dusty/Dust (85).jpg,Dusty,2
/content/drive/MyDrive/guvi/data/Faulty_solar_panel/Dusty/Dust (79).jpg,Dusty,2
/content/drive/MyDrive/guvi/data/Faulty_solar_panel/Dusty/Dust (74).jpg,Dusty,2
/content/drive/MyDrive/guvi/data/Faulty_solar_panel/Dusty/Dust (71).jpg,Dusty,2
/content/drive/MyDrive/guvi/data/Faulty_solar_panel/Dusty/Dust (7).jpg,Dusty,2
/content/drive/MyDrive/guvi/data/Faulty_solar_panel/Dusty/Dust (77).jpg,Dusty,2
/content/drive/MyDrive/guvi/data/Faulty_solar_panel/Dusty/Dust (73).jpg,Dusty,2
/content/drive/MyDrive/guvi/data/Faulty_solar_panel/Dusty/Dust (81).jpg,Dusty,2
/content/drive/MyDrive/guvi/data/Faulty_solar_panel/Dusty/Dust (88).jpg,Dusty,2
/content/drive/MyDrive/guvi/data/Faulty_solar_panel/Dusty/Dust (75).jpg,Dusty,2
/content/drive/MyDrive/guvi/data/Faulty_solar_panel/Dusty/Dust (80).jpg,Dusty,2
/content/drive/MyDrive/guvi/data/Faulty_solar_panel/Dusty/Dust (76).jpg,Dusty,2
/content/drive/MyDrive/guvi/data/Faulty_solar_panel/Dusty/Dust (87).jpg,Dusty,2
/content/drive/MyDrive/guvi/data/Faulty_solar_panel/Dusty/Dust (86).jpg,Dusty,2
/content/drive/MyDrive/guvi/data/Faulty_solar_panel/Dusty/Dust (82).jpg,Dusty,2
/content/drive/MyDrive/guvi/data/Faulty_solar_panel/Dusty/Dust (8).jpg,Dusty,2
/content/drive/MyDrive/guvi/data/Faulty_solar_panel/Dusty/Dust (69).jpg,Dusty,2
/content/drive/MyDrive/guvi/data/Faulty_solar_panel/Dusty/Dust (83).jpg,Dusty,2
/content/drive/MyDrive/guvi/data/Faulty_solar_panel/Dusty/Dust (84).jpg,Dusty,2
/content/drive/MyDrive/guvi/data/Faulty_solar_panel/Dusty/Dust (78).jpg,Dusty,2
/content/drive/MyDrive/guvi/data/Faulty_solar_panel/Dusty/Dust (62).jpg,Dusty,2
/content/drive/MyDrive/guvi/data/Faulty_solar_panel/Dusty/Dust (47).jpg,Dusty,2
/content/drive/MyDrive/guvi/data/Faulty_solar_panel/Dusty/Dust (64).jpg,Dusty,2
/content/drive/MyDrive/guvi/data/Faulty_solar_panel/Dusty/Dust (54).jpg,Dusty,2
/content/drive/MyDrive/guvi/data/Faulty_solar_panel/Dusty/Dust (51).jpg,Dusty,2
/content/drive/MyDrive/guvi/data/Faulty_solar_panel/Dusty/Dust (49).jpg,Dusty,2
/content/drive/MyDrive/guvi/data/Faulty_solar_panel/Dusty/Dust (67).jpg,Dusty,2
/content/drive/MyDrive/guvi/data/Faulty_solar_panel/Dusty/Dust (5).jpg,Dusty,2
/content/drive/MyDrive/guvi/data/Faulty_solar_panel/Dusty/Dust (61).jpg,Dusty,2
/content/drive/MyDrive/guvi/data/Faulty_solar_panel/Dusty/Dust (45).jpg,Dusty,2
/content/drive/MyDrive/guvi/data/Faulty_solar_panel/Dusty/Dust (53).jpg,Dusty,2
/content/drive/MyDrive/guvi/data/Faulty_solar_panel/Dusty/Dust (56).jpg,Dusty,2
/content/drive/MyDrive/guvi/data/Faulty_solar_panel/Dusty/Dust (55).jpg,Dusty,2
/content/drive/MyDrive/guvi/data/Faulty_solar_panel/Dusty/Dust (52).jpg,Dusty,2
/content/drive/MyDrive/guvi/data/Faulty_solar_panel/Dusty/Dust (68).jpg,Dusty,2
/content/drive/MyDrive/guvi/data/Faulty_solar_panel/Dusty/Dust (66).jpg,Dusty,2
/content/drive/MyDrive/guvi/data/Faulty_solar_panel/Dusty/Dust (50).jpg,Dusty,2
/content/drive/MyDrive/guvi/data/Faulty_solar_panel/Dusty/Dust (46).jpg,Dusty,2
/content/drive/MyDrive/guvi/data/Faulty_solar_panel/Dusty/Dust (6).jpg,Dusty,2
/content/drive/MyDrive/guvi/data/Faulty_solar_panel/Dusty/Dust (57).jpg,Dusty,2
/content/drive/MyDrive/guvi/data/Faulty_solar_panel/Dusty/Dust (65).jpg,Dusty,2
/content/drive/MyDrive/guvi/data/Faulty_solar_panel/Dusty/Dust (58).jpg,Dusty,2
/content/drive/MyDrive/guvi/data/Faulty_solar_panel/Dusty/Dust (60).jpg,Dusty,2
/content/drive/MyDrive/guvi/data/Faulty_solar_panel/Dusty/Dust (59).jpg,Dusty,2
/content/drive/MyDrive/guvi/data/Faulty_solar_panel/Dusty/Dust (63).jpg,Dusty,2
/content/drive/MyDrive/guvi/data/Faulty_solar_panel/Dusty/Dust (40).jpg,Dusty,2
/content/drive/MyDrive/guvi/data/Faulty_solar_panel/Dusty/Dust (48).jpg,Dusty,2
/content/drive/MyDrive/guvi/data/Faulty_solar_panel/Dusty/Dust (43).jpg,Dusty,2
/content/drive/MyDrive/guvi/data/Faulty_solar_panel/Dusty/Dust (30).jpg,Dusty,2
/content/drive/MyDrive/guvi/data/Faulty_solar_panel/Dusty/Dust (34).jpg,Dusty,2
/content/drive/MyDrive/guvi/data/Faulty_solar_panel/Dusty/Dust (39).jpg,Dusty,2
/content/drive/MyDrive/guvi/data/Faulty_solar_panel/Dusty/Dust (31).jpg,Dusty,2
/content/drive/MyDrive/guvi/data/Faulty_solar_panel/Dusty/Dust (42).jpg,Dusty,2
/content/drive/MyDrive/guvi/data/Faulty_solar_panel/Dusty/Dust (44).jpg,Dusty,2
/content/drive/MyDrive/guvi/data/Faulty_solar_panel/Dusty/Dust (29).jpg,Dusty,2
/content/drive/MyDrive/guvi/data/Faulty_solar_panel/Dusty/Dust (37).jpg,Dusty,2
/content/drive/MyDrive/guvi/data/Faulty_solar_panel/Dusty/Dust (36).jpg,Dusty,2
/content/drive/MyDrive/guvi/data/Faulty_solar_panel/Dusty/Dust (33).jpg,Dusty,2
/content/drive/MyDrive/guvi/data/Faulty_solar_panel/Dusty/Dust (38).jpg,Dusty,2
/content/drive/MyDrive/guvi/data/Faulty_solar_panel/Dusty/Dust (27).jpg,Dusty,2
/content/drive/MyDrive/guvi/data/Faulty_solar_panel/Dusty/Dust (3).jpg,Dusty,2
/content/drive/MyDrive/guvi/data/Faulty_solar_panel/Dusty/Dust (4).jpg,Dusty,2
/content/drive/MyDrive/guvi/data/Faulty_solar_panel/Dusty/Dust (35).jpg,Dusty,2
/content/drive/MyDrive/guvi/data/Faulty_solar_panel/Dusty/Dust (26).jpg,Dusty,2
/content/drive/MyDrive/guvi/data/Faulty_solar_panel/Dusty/Dust (41).jpg,Dusty,2
/content/drive/MyDrive/guvi/data/Faulty_solar_panel/Dusty/Dust (28).jpg,Dusty,2
/content/drive/MyDrive/guvi/data/Faulty_solar_panel/Dusty/Dust (32).jpg,Dusty,2
/content/drive/MyDrive/guvi/data/Faulty_solar_panel/Dusty/Dust (190).jpg,Dusty,2
/content/drive/MyDrive/guvi/data/Faulty_solar_panel/Dusty/Dust (182).jpg,Dusty,2
/content/drive/MyDrive/guvi/data/Faulty_solar_panel/Dusty/Dust (21).jpg,Dusty,2
/content/drive/MyDrive/guvi/data/Faulty_solar_panel/Dusty/Dust (185).jpg,Dusty,2
/content/drive/MyDrive/guvi/data/Faulty_solar_panel/Dusty/Dust (184).jpg,Dusty,2
/content/drive/MyDrive/guvi/data/Faulty_solar_panel/Dusty/Dust (176).jpg,Dusty,2
/content/drive/MyDrive/guvi/data/Faulty_solar_panel/Dusty/Dust (23).jpg,Dusty,2
/content/drive/MyDrive/guvi/data/Faulty_solar_panel/Dusty/Dust (171).jpg,Dusty,2
/content/drive/MyDrive/guvi/data/Faulty_solar_panel/Dusty/Dust (186).jpg,Dusty,2
/content/drive/MyDrive/guvi/data/Faulty_solar_panel/Dusty/Dust (188).jpg,Dusty,2
/content/drive/MyDrive/guvi/data/Faulty_solar_panel/Dusty/Dust (20).jpg,Dusty,2
/content/drive/MyDrive/guvi/data/Faulty_solar_panel/Dusty/Dust (174).jpg,Dusty,2
/content/drive/MyDrive/guvi/data/Faulty_solar_panel/Dusty/Dust (19).jpg,Dusty,2
/content/drive/MyDrive/guvi/data/Faulty_solar_panel/Dusty/Dust (178).jpg,Dusty,2
/content/drive/MyDrive/guvi/data/Faulty_solar_panel/Dusty/Dust (22).jpg,Dusty,2
/content/drive/MyDrive/guvi/data/Faulty_solar_panel/Dusty/Dust (173).jpg,Dusty,2
/content/drive/MyDrive/guvi/data/Faulty_solar_panel/Dusty/Dust (177).jpg,Dusty,2
/content/drive/MyDrive/guvi/data/Faulty_solar_panel/Dusty/Dust (189).jpg,Dusty,2
/content/drive/MyDrive/guvi/data/Faulty_solar_panel/Dusty/Dust (180).jpg,Dusty,2
/content/drive/MyDrive/guvi/data/Faulty_solar_panel/Dusty/Dust (179).jpg,Dusty,2
/content/drive/MyDrive/guvi/data/Faulty_solar_panel/Dusty/Dust (18).jpg,Dusty,2
/content/drive/MyDrive/guvi/data/Faulty_solar_panel/Dusty/Dust (24).jpg,Dusty,2
/content/drive/MyDrive/guvi/data/Faulty_solar_panel/Dusty/Dust (181).jpg,Dusty,2
/content/drive/MyDrive/guvi/data/Faulty_solar_panel/Dusty/Dust (172).jpg,Dusty,2
/content/drive/MyDrive/guvi/data/Faulty_solar_panel/Dusty/Dust (160).jpg,Dusty,2
/content/drive/MyDrive/guvi/data/Faulty_solar_panel/Dusty/Dust (175).jpg,Dusty,2
/content/drive/MyDrive/guvi/data/Faulty_solar_panel/Dusty/Dust (164).jpg,Dusty,2
/content/drive/MyDrive/guvi/data/Faulty_solar_panel/Dusty/Dust (162).jpg,Dusty,2
/content/drive/MyDrive/guvi/data/Faulty_solar_panel/Dusty/Dust (156).jpg,Dusty,2
/content/drive/MyDrive/guvi/data/Faulty_solar_panel/Dusty/Dust (168).jpg,Dusty,2
/content/drive/MyDrive/guvi/data/Faulty_solar_panel/Dusty/Dust (150).jpg,Dusty,2
/content/drive/MyDrive/guvi/data/Faulty_solar_panel/Dusty/Dust (163).jpg,Dusty,2
/content/drive/MyDrive/guvi/data/Faulty_solar_panel/Dusty/Dust (17).jpg,Dusty,2
/content/drive/MyDrive/guvi/data/Faulty_solar_panel/Dusty/Dust (169).jpg,Dusty,2
/content/drive/MyDrive/guvi/data/Faulty_solar_panel/Dusty/Dust (155).jpg,Dusty,2
/content/drive/MyDrive/guvi/data/Faulty_solar_panel/Dusty/Dust (153).jpg,Dusty,2
/content/drive/MyDrive/guvi/data/Faulty_solar_panel/Dusty/Dust (158).jpg,Dusty,2
/content/drive/MyDrive/guvi/data/Faulty_solar_panel/Dusty/Dust (157).jpg,Dusty,2
/content/drive/MyDrive/guvi/data/Faulty_solar_panel/Dusty/Dust (152).jpg,Dusty,2
/content/drive/MyDrive/guvi/data/Faulty_solar_panel/Dusty/Dust (144).jpg,Dusty,2
/content/drive/MyDrive/guvi/data/Faulty_solar_panel/Dusty/Dust (167).jpg,Dusty,2
/content/drive/MyDrive/guvi/data/Faulty_solar_panel/Dusty/Dust (165).jpg,Dusty,2
/content/drive/MyDrive/guvi/data/Faulty_solar_panel/Dusty/Dust (154).jpg,Dusty,2
/content/drive/MyDrive/guvi/data/Faulty_solar_panel/Dusty/Dust (161).jpg,Dusty,2
/content/drive/MyDrive/guvi/data/Faulty_solar_panel/Dusty/Dust (149).jpg,Dusty,2
/content/drive/MyDrive/guvi/data/Faulty_solar_panel/Dusty/Dust (130).jpg,Dusty,2
/content/drive/MyDrive/guvi/data/Faulty_solar_panel/Dusty/Dust (131).jpg,Dusty,2
/content/drive/MyDrive/guvi/data/Faulty_solar_panel/Dusty/Dust (14).jpg,Dusty,2
/content/drive/MyDrive/guvi/data/Faulty_solar_panel/Dusty/Dust (146).jpg,Dusty,2
/content/drive/MyDrive/guvi/data/Faulty_solar_panel/Dusty/Dust (138).jpg,Dusty,2
/content/drive/MyDrive/guvi/data/Faulty_solar_panel/Dusty/Dust (145).jpg,Dusty,2
/content/drive/MyDrive/guvi/data/Faulty_solar_panel/Dusty/Dust (159).jpg,Dusty,2
/content/drive/MyDrive/guvi/data/Faulty_solar_panel/Dusty/Dust (170).jpg,Dusty,2
/content/drive/MyDrive/guvi/data/Faulty_solar_panel/Dusty/Dust (139).jpg,Dusty,2
/content/drive/MyDrive/guvi/data/Faulty_solar_panel/Dusty/Dust (151).jpg,Dusty,2
/content/drive/MyDrive/guvi/data/Faulty_solar_panel/Dusty/Dust (141).jpg,Dusty,2
/content/drive/MyDrive/guvi/data/Faulty_solar_panel/Dusty/Dust (137).jpg,Dusty,2
/content/drive/MyDrive/guvi/data/Faulty_solar_panel/Dusty/Dust (136).jpg,Dusty,2
/content/drive/MyDrive/guvi/data/Faulty_solar_panel/Dusty/Dust (134).jpg,Dusty,2
/content/drive/MyDrive/guvi/data/Faulty_solar_panel/Dusty/Dust (140).jpg,Dusty,2
/content/drive/MyDrive/guvi/data/Faulty_solar_panel/Dusty/Dust (142).jpg,Dusty,2
/content/drive/MyDrive/guvi/data/Faulty_solar_panel/Dusty/Dust (15).jpg,Dusty,2
/content/drive/MyDrive/guvi/data/Faulty_solar_panel/Dusty/Dust (114).jpg,Dusty,2
/content/drive/MyDrive/guvi/data/Faulty_solar_panel/Dusty/Dust (143).jpg,Dusty,2
/content/drive/MyDrive/guvi/data/Faulty_solar_panel/Dusty/Dust (133).jpg,Dusty,2
/content/drive/MyDrive/guvi/data/Faulty_solar_panel/Dusty/Dust (117).jpg,Dusty,2
/content/drive/MyDrive/guvi/data/Faulty_solar_panel/Dusty/Dust (125).jpg,Dusty,2
/content/drive/MyDrive/guvi/data/Faulty_solar_panel/Dusty/Dust (132).jpg,Dusty,2
/content/drive/MyDrive/guvi/data/Faulty_solar_panel/Dusty/Dust (135).jpg,Dusty,2
/content/drive/MyDrive/guvi/data/Faulty_solar_panel/Dusty/Dust (119).jpg,Dusty,2
/content/drive/MyDrive/guvi/data/Faulty_solar_panel/Dusty/Dust (148).jpg,Dusty,2
/content/drive/MyDrive/guvi/data/Faulty_solar_panel/Dusty/Dust (122).jpg,Dusty,2
/content/drive/MyDrive/guvi/data/Faulty_solar_panel/Dusty/Dust (147).jpg,Dusty,2
/content/drive/MyDrive/guvi/data/Faulty_solar_panel/Dusty/Dust (127).jpg,Dusty,2
/content/drive/MyDrive/guvi/data/Faulty_solar_panel/Dusty/Dust (115).jpg,Dusty,2
/content/drive/MyDrive/guvi/data/Faulty_solar_panel/Dusty/Dust (126).jpg,Dusty,2
/content/drive/MyDrive/guvi/data/Faulty_solar_panel/Dusty/Dust (118).jpg,Dusty,2
/content/drive/MyDrive/guvi/data/Faulty_solar_panel/Dusty/Dust (13).jpg,Dusty,2
/content/drive/MyDrive/guvi/data/Faulty_solar_panel/Dusty/Dust (121).jpg,Dusty,2
/content/drive/MyDrive/guvi/data/Faulty_solar_panel/Dusty/Dust (112).jpg,Dusty,2
/content/drive/MyDrive/guvi/data/Faulty_solar_panel/Dusty/Dust (128).jpg,Dusty,2
/content/drive/MyDrive/guvi/data/Faulty_solar_panel/Dusty/Dust (113).jpg,Dusty,2
/content/drive/MyDrive/guvi/data/Faulty_solar_panel/Dusty/Dust (123).jpg,Dusty,2
/content/drive/MyDrive/guvi/data/Faulty_solar_panel/Dusty/Dust (120).jpg,Dusty,2
/content/drive/MyDrive/guvi/data/Faulty_solar_panel/Dusty/Dust (1).jpg,Dusty,2
/content/drive/MyDrive/guvi/data/Faulty_solar_panel/Dusty/Dust (129).jpg,Dusty,2
/content/drive/MyDrive/guvi/data/Faulty_solar_panel/Dusty/Dust (111).jpg,Dusty,2
/content/drive/MyDrive/guvi/data/Faulty_solar_panel/Dusty/Dust (124).jpg,Dusty,2
/content/drive/MyDrive/guvi/data/Faulty_solar_panel/Dusty/Dust (109).jpg,Dusty,2
/content/drive/MyDrive/guvi/data/Faulty_solar_panel/Dusty/Dust (116).jpg,Dusty,2
/content/drive/MyDrive/guvi/data/Faulty_solar_panel/Dusty/Dust (104).jpg,Dusty,2
/content/drive/MyDrive/guvi/data/Faulty_solar_panel/Dusty/Dust (100).jpg,Dusty,2
/content/drive/MyDrive/guvi/data/Faulty_solar_panel/Dusty/Dust (101).jpg,Dusty,2
/content/drive/MyDrive/guvi/data/Faulty_solar_panel/Dusty/Dust (103).jpg,Dusty,2
/content/drive/MyDrive/guvi/data/Faulty_solar_panel/Dusty/Dust (110).jpg,Dusty,2
/content/drive/MyDrive/guvi/data/Faulty_solar_panel/Dusty/Dust (107).jpg,Dusty,2
/content/drive/MyDrive/guvi/data/Faulty_solar_panel/Dusty/Dust (108).jpg,Dusty,2
/content/drive/MyDrive/guvi/data/Faulty_solar_panel/Dusty/Dust (106).jpg,Dusty,2
/content/drive/MyDrive/guvi/data/Faulty_solar_panel/Dusty/Dust (102).jpg,Dusty,2
/content/drive/MyDrive/guvi/data/Faulty_solar_panel/Dusty/Dust (10).jpg,Dusty,2
/content/drive/MyDrive/guvi/data/Faulty_solar_panel/Dusty/Dust (12).jpg,Dusty,2
/content/drive/MyDrive/guvi/data/Faulty_solar_panel/Clean/Clean (97).jpg,Clean,1
/content/drive/MyDrive/guvi/data/Faulty_solar_panel/Clean/Clean (94).jpg,Clean,1
/content/drive/MyDrive/guvi/data/Faulty_solar_panel/Clean/Clean (9).jpg,Clean,1
/content/drive/MyDrive/guvi/data/Faulty_solar_panel/Clean/Clean (91).jpg,Clean,1
/content/drive/MyDrive/guvi/data/Faulty_solar_panel/Clean/Clean (98).jpg,Clean,1
/content/drive/MyDrive/guvi/data/Faulty_solar_panel/Clean/Clean (96).jpg,Clean,1
/content/drive/MyDrive/guvi/data/Faulty_solar_panel/Clean/Clean (90).jpg,Clean,1
/content/drive/MyDrive/guvi/data/Faulty_solar_panel/Clean/Clean (95).jpg,Clean,1
/content/drive/MyDrive/guvi/data/Faulty_solar_panel/Clean/Clean (93).jpg,Clean,1
/content/drive/MyDrive/guvi/data/Faulty_solar_panel/Clean/Clean (74).jpg,Clean,1
/content/drive/MyDrive/guvi/data/Faulty_solar_panel/Clean/Clean (80).jpg,Clean,1
/content/drive/MyDrive/guvi/data/Faulty_solar_panel/Clean/Clean (89).jpg,Clean,1
/content/drive/MyDrive/guvi/data/Faulty_solar_panel/Clean/Clean (79).jpg,Clean,1
/content/drive/MyDrive/guvi/data/Faulty_solar_panel/Clean/Clean (77).jpg,Clean,1
/content/drive/MyDrive/guvi/data/Faulty_solar_panel/Clean/Clean (84).jpg,Clean,1
/content/drive/MyDrive/guvi/data/Faulty_solar_panel/Clean/Clean (99).jpg,Clean,1
/content/drive/MyDrive/guvi/data/Faulty_solar_panel/Clean/Clean (88).jpg,Clean,1
/content/drive/MyDrive/guvi/data/Faulty_solar_panel/Clean/Clean (75).jpg,Clean,1
/content/drive/MyDrive/guvi/data/Faulty_solar_panel/Clean/Clean (86).jpg,Clean,1
/content/drive/MyDrive/guvi/data/Faulty_solar_panel/Clean/Clean (83).jpg,Clean,1
/content/drive/MyDrive/guvi/data/Faulty_solar_panel/Clean/Clean (85).jpg,Clean,1
/content/drive/MyDrive/guvi/data/Faulty_solar_panel/Clean/Clean (71).jpg,Clean,1
/content/drive/MyDrive/guvi/data/Faulty_solar_panel/Clean/Clean (8).jpg,Clean,1
/content/drive/MyDrive/guvi/data/Faulty_solar_panel/Clean/Clean (76).jpg,Clean,1
/content/drive/MyDrive/guvi/data/Faulty_solar_panel/Clean/Clean (67).jpg,Clean,1
/content/drive/MyDrive/guvi/data/Faulty_solar_panel/Clean/Clean (64).jpg,Clean,1
/content/drive/MyDrive/guvi/data/Faulty_solar_panel/Clean/Clean (81).jpg,Clean,1
/content/drive/MyDrive/guvi/data/Faulty_solar_panel/Clean/Clean (7).jpg,Clean,1
/content/drive/MyDrive/guvi/data/Faulty_solar_panel/Clean/Clean (65).jpg,Clean,1
/content/drive/MyDrive/guvi/data/Faulty_solar_panel/Clean/Clean (73).jpg,Clean,1
/content/drive/MyDrive/guvi/data/Faulty_solar_panel/Clean/Clean (62).jpg,Clean,1
/content/drive/MyDrive/guvi/data/Faulty_solar_panel/Clean/Clean (92).jpg,Clean,1
/content/drive/MyDrive/guvi/data/Faulty_solar_panel/Clean/Clean (78).jpg,Clean,1
/content/drive/MyDrive/guvi/data/Faulty_solar_panel/Clean/Clean (6).jpg,Clean,1
/content/drive/MyDrive/guvi/data/Faulty_solar_panel/Clean/Clean (60).jpg,Clean,1
/content/drive/MyDrive/guvi/data/Faulty_solar_panel/Clean/Clean (63).jpg,Clean,1
/content/drive/MyDrive/guvi/data/Faulty_solar_panel/Clean/Clean (47).jpg,Clean,1
/content/drive/MyDrive/guvi/data/Faulty_solar_panel/Clean/Clean (61).jpg,Clean,1
/content/drive/MyDrive/guvi/data/Faulty_solar_panel/Clean/Clean (50).jpg,Clean,1
/content/drive/MyDrive/guvi/data/Faulty_solar_panel/Clean/Clean (68).jpg,Clean,1
/content/drive/MyDrive/guvi/data/Faulty_solar_panel/Clean/Clean (82).jpg,Clean,1
/content/drive/MyDrive/guvi/data/Faulty_solar_panel/Clean/Clean (51).jpg,Clean,1
/content/drive/MyDrive/guvi/data/Faulty_solar_panel/Clean/Clean (46).jpg,Clean,1
/content/drive/MyDrive/guvi/data/Faulty_solar_panel/Clean/Clean (66).jpg,Clean,1
/content/drive/MyDrive/guvi/data/Faulty_solar_panel/Clean/Clean (70).jpg,Clean,1
/content/drive/MyDrive/guvi/data/Faulty_solar_panel/Clean/Clean (72).jpg,Clean,1
/content/drive/MyDrive/guvi/data/Faulty_solar_panel/Clean/Clean (69).jpg,Clean,1
/content/drive/MyDrive/guvi/data/Faulty_solar_panel/Clean/Clean (44).jpg,Clean,1
/content/drive/MyDrive/guvi/data/Faulty_solar_panel/Clean/Clean (57).jpg,Clean,1
/content/drive/MyDrive/guvi/data/Faulty_solar_panel/Clean/Clean (43).jpg,Clean,1
/content/drive/MyDrive/guvi/data/Faulty_solar_panel/Clean/Clean (55).jpg,Clean,1
/content/drive/MyDrive/guvi/data/Faulty_solar_panel/Clean/Clean (45).jpg,Clean,1
/content/drive/MyDrive/guvi/data/Faulty_solar_panel/Clean/Clean (56).jpg,Clean,1
/content/drive/MyDrive/guvi/data/Faulty_solar_panel/Clean/Clean (52).jpg,Clean,1
/content/drive/MyDrive/guvi/data/Faulty_solar_panel/Clean/Clean (48).jpg,Clean,1
/content/drive/MyDrive/guvi/data/Faulty_solar_panel/Clean/Clean (49).jpg,Clean,1
/content/drive/MyDrive/guvi/data/Faulty_solar_panel/Clean/Clean (27).jpg,Clean,1
/content/drive/MyDrive/guvi/data/Faulty_solar_panel/Clean/Clean (41).jpg,Clean,1
/content/drive/MyDrive/guvi/data/Faulty_solar_panel/Clean/Clean (5).jpg,Clean,1
/content/drive/MyDrive/guvi/data/Faulty_solar_panel/Clean/Clean (34).jpg,Clean,1
/content/drive/MyDrive/guvi/data/Faulty_solar_panel/Clean/Clean (40).jpg,Clean,1
/content/drive/MyDrive/guvi/data/Faulty_solar_panel/Clean/Clean (33).jpg,Clean,1
/content/drive/MyDrive/guvi/data/Faulty_solar_panel/Clean/Clean (4).jpg,Clean,1
/content/drive/MyDrive/guvi/data/Faulty_solar_panel/Clean/Clean (3).jpg,Clean,1
/content/drive/MyDrive/guvi/data/Faulty_solar_panel/Clean/Clean (59).jpg,Clean,1
/content/drive/MyDrive/guvi/data/Faulty_solar_panel/Clean/Clean (31).jpg,Clean,1
/content/drive/MyDrive/guvi/data/Faulty_solar_panel/Clean/Clean (30).jpg,Clean,1
/content/drive/MyDrive/guvi/data/Faulty_solar_panel/Clean/Clean (58).jpg,Clean,1
/content/drive/MyDrive/guvi/data/Faulty_solar_panel/Clean/Clean (42).jpg,Clean,1
/content/drive/MyDrive/guvi/data/Faulty_solar_panel/Clean/Clean (37).jpg,Clean,1
/content/drive/MyDrive/guvi/data/Faulty_solar_panel/Clean/Clean (28).jpg,Clean,1
/content/drive/MyDrive/guvi/data/Faulty_solar_panel/Clean/Clean (36).jpg,Clean,1
/content/drive/MyDrive/guvi/data/Faulty_solar_panel/Clean/Clean (38).jpg,Clean,1
/content/drive/MyDrive/guvi/data/Faulty_solar_panel/Clean/Clean (191).jpg,Clean,1
/content/drive/MyDrive/guvi/data/Faulty_solar_panel/Clean/Clean (29).jpg,Clean,1
/content/drive/MyDrive/guvi/data/Faulty_solar_panel/Clean/Clean (25).jpg,Clean,1
/content/drive/MyDrive/guvi/data/Faulty_solar_panel/Clean/Clean (53).jpg,Clean,1
/content/drive/MyDrive/guvi/data/Faulty_solar_panel/Clean/Clean (32).jpg,Clean,1
/content/drive/MyDrive/guvi/data/Faulty_solar_panel/Clean/Clean (54).jpg,Clean,1
/content/drive/MyDrive/guvi/data/Faulty_solar_panel/Clean/Clean (26).jpg,Clean,1
/content/drive/MyDrive/guvi/data/Faulty_solar_panel/Clean/Clean (186).jpg,Clean,1
/content/drive/MyDrive/guvi/data/Faulty_solar_panel/Clean/Clean (192).jpg,Clean,1
/content/drive/MyDrive/guvi/data/Faulty_solar_panel/Clean/Clean (39).jpg,Clean,1
/content/drive/MyDrive/guvi/data/Faulty_solar_panel/Clean/Clean (35).jpg,Clean,1
/content/drive/MyDrive/guvi/data/Faulty_solar_panel/Clean/Clean (20).jpg,Clean,1
/content/drive/MyDrive/guvi/data/Faulty_solar_panel/Clean/Clean (22).jpg,Clean,1
/content/drive/MyDrive/guvi/data/Faulty_solar_panel/Clean/Clean (193).png,Clean,1
/content/drive/MyDrive/guvi/data/Faulty_solar_panel/Clean/Clean (187).jpg,Clean,1
/content/drive/MyDrive/guvi/data/Faulty_solar_panel/Clean/Clean (190).jpg,Clean,1
/content/drive/MyDrive/guvi/data/Faulty_solar_panel/Clean/Clean (2).jpg,Clean,1
/content/drive/MyDrive/guvi/data/Faulty_solar_panel/Clean/Clean (21).jpg,Clean,1
/content/drive/MyDrive/guvi/data/Faulty_solar_panel/Clean/Clean (173).jpg,Clean,1
/content/drive/MyDrive/guvi/data/Faulty_solar_panel/Clean/Clean (181).jpg,Clean,1
/content/drive/MyDrive/guvi/data/Faulty_solar_panel/Clean/Clean (176).jpg,Clean,1
/content/drive/MyDrive/guvi/data/Faulty_solar_panel/Clean/Clean (189).jpg,Clean,1
/content/drive/MyDrive/guvi/data/Faulty_solar_panel/Clean/Clean (188).jpg,Clean,1
/content/drive/MyDrive/guvi/data/Faulty_solar_panel/Clean/Clean (159).jpg,Clean,1
/content/drive/MyDrive/guvi/data/Faulty_solar_panel/Clean/Clean (179).jpg,Clean,1
/content/drive/MyDrive/guvi/data/Faulty_solar_panel/Clean/Clean (170).jpg,Clean,1
/content/drive/MyDrive/guvi/data/Faulty_solar_panel/Clean/Clean (174).jpg,Clean,1
/content/drive/MyDrive/guvi/data/Faulty_solar_panel/Clean/Clean (172).jpg,Clean,1
/content/drive/MyDrive/guvi/data/Faulty_solar_panel/Clean/Clean (180).jpg,Clean,1
/content/drive/MyDrive/guvi/data/Faulty_solar_panel/Clean/Clean (24).jpg,Clean,1
/content/drive/MyDrive/guvi/data/Faulty_solar_panel/Clean/Clean (162).jpg,Clean,1
/content/drive/MyDrive/guvi/data/Faulty_solar_panel/Clean/Clean (23).jpg,Clean,1
/content/drive/MyDrive/guvi/data/Faulty_solar_panel/Clean/Clean (160).jpg,Clean,1
/content/drive/MyDrive/guvi/data/Faulty_solar_panel/Clean/Clean (184).jpg,Clean,1
/content/drive/MyDrive/guvi/data/Faulty_solar_panel/Clean/Clean (17).jpg,Clean,1
/content/drive/MyDrive/guvi/data/Faulty_solar_panel/Clean/Clean (168).jpg,Clean,1
/content/drive/MyDrive/guvi/data/Faulty_solar_panel/Clean/Clean (163).jpg,Clean,1
/content/drive/MyDrive/guvi/data/Faulty_solar_panel/Clean/Clean (18).jpg,Clean,1
/content/drive/MyDrive/guvi/data/Faulty_solar_panel/Clean/Clean (182).jpg,Clean,1
/content/drive/MyDrive/guvi/data/Faulty_solar_panel/Clean/Clean (167).jpg,Clean,1
/content/drive/MyDrive/guvi/data/Faulty_solar_panel/Clean/Clean (169).jpg,Clean,1
/content/drive/MyDrive/guvi/data/Faulty_solar_panel/Clean/Clean (185).jpg,Clean,1
/content/drive/MyDrive/guvi/data/Faulty_solar_panel/Clean/Clean (171).jpg,Clean,1
/content/drive/MyDrive/guvi/data/Faulty_solar_panel/Clean/Clean (175).jpg,Clean,1
/content/drive/MyDrive/guvi/data/Faulty_solar_panel/Clean/Clean (161).jpg,Clean,1
/content/drive/MyDrive/guvi/data/Faulty_solar_panel/Clean/Clean (165).jpg,Clean,1
/content/drive/MyDrive/guvi/data/Faulty_solar_panel/Clean/Clean (164).jpg,Clean,1
/content/drive/MyDrive/guvi/data/Faulty_solar_panel/Clean/Clean (137).jpg,Clean,1
/content/drive/MyDrive/guvi/data/Faulty_solar_panel/Clean/Clean (16).JPG,Clean,1
/content/drive/MyDrive/guvi/data/Faulty_solar_panel/Clean/Clean (133).jpg,Clean,1
/content/drive/MyDrive/guvi/data/Faulty_solar_panel/Clean/Clean (153).jpg,Clean,1
/content/drive/MyDrive/guvi/data/Faulty_solar_panel/Clean/Clean (166).jpg,Clean,1
/content/drive/MyDrive/guvi/data/Faulty_solar_panel/Clean/Clean (141).JPG,Clean,1
/content/drive/MyDrive/guvi/data/Faulty_solar_panel/Clean/Clean (152).jpg,Clean,1
/content/drive/MyDrive/guvi/data/Faulty_solar_panel/Clean/Clean (154).jpg,Clean,1
/content/drive/MyDrive/guvi/data/Faulty_solar_panel/Clean/Clean (139).JPG,Clean,1
/content/drive/MyDrive/guvi/data/Faulty_solar_panel/Clean/Clean (151).jpg,Clean,1
/content/drive/MyDrive/guvi/data/Faulty_solar_panel/Clean/Clean (148).jpg,Clean,1
/content/drive/MyDrive/guvi/data/Faulty_solar_panel/Clean/Clean (177).jpg,Clean,1
/content/drive/MyDrive/guvi/data/Faulty_solar_panel/Clean/Clean (155).jpg,Clean,1
/content/drive/MyDrive/guvi/data/Faulty_solar_panel/Clean/Clean (142).jpg,Clean,1
/content/drive/MyDrive/guvi/data/Faulty_solar_panel/Clean/Clean (158).jpg,Clean,1
/content/drive/MyDrive/guvi/data/Faulty_solar_panel/Clean/Clean (135).JPG,Clean,1
/content/drive/MyDrive/guvi/data/Faulty_solar_panel/Clean/Clean (138).jpg,Clean,1
/content/drive/MyDrive/guvi/data/Faulty_solar_panel/Clean/Clean (134).jpg,Clean,1
/content/drive/MyDrive/guvi/data/Faulty_solar_panel/Clean/Clean (136).JPG,Clean,1
/content/drive/MyDrive/guvi/data/Faulty_solar_panel/Clean/Clean (14).jpg,Clean,1
/content/drive/MyDrive/guvi/data/Faulty_solar_panel/Clean/Clean (156).jpg,Clean,1
/content/drive/MyDrive/guvi/data/Faulty_solar_panel/Clean/Clean (15).JPG,Clean,1
/content/drive/MyDrive/guvi/data/Faulty_solar_panel/Clean/Clean (144).jpg,Clean,1
/content/drive/MyDrive/guvi/data/Faulty_solar_panel/Clean/Clean (123).jpg,Clean,1
/content/drive/MyDrive/guvi/data/Faulty_solar_panel/Clean/Clean (145).jpg,Clean,1
/content/drive/MyDrive/guvi/data/Faulty_solar_panel/Clean/Clean (11).jpg,Clean,1
/content/drive/MyDrive/guvi/data/Faulty_solar_panel/Clean/Clean (143).jpg,Clean,1
/content/drive/MyDrive/guvi/data/Faulty_solar_panel/Clean/Clean (146).jpg,Clean,1
/content/drive/MyDrive/guvi/data/Faulty_solar_panel/Clean/Clean (115).jpg,Clean,1
/content/drive/MyDrive/guvi/data/Faulty_solar_panel/Clean/Clean (121).jpg,Clean,1
/content/drive/MyDrive/guvi/data/Faulty_solar_panel/Clean/Clean (126).jpg,Clean,1
/content/drive/MyDrive/guvi/data/Faulty_solar_panel/Clean/Clean (140).JPG,Clean,1
/content/drive/MyDrive/guvi/data/Faulty_solar_panel/Clean/Clean (149).jpg,Clean,1
/content/drive/MyDrive/guvi/data/Faulty_solar_panel/Clean/Clean (129).jpg,Clean,1
/content/drive/MyDrive/guvi/data/Faulty_solar_panel/Clean/Clean (147).jpg,Clean,1
/content/drive/MyDrive/guvi/data/Faulty_solar_panel/Clean/Clean (117).jpg,Clean,1
/content/drive/MyDrive/guvi/data/Faulty_solar_panel/Clean/Clean (112).jpg,Clean,1
/content/drive/MyDrive/guvi/data/Faulty_solar_panel/Clean/Clean (12).jpg,Clean,1
/content/drive/MyDrive/guvi/data/Faulty_solar_panel/Clean/Clean (127).jpg,Clean,1
/content/drive/MyDrive/guvi/data/Faulty_solar_panel/Clean/Clean (128).jpg,Clean,1
/content/drive/MyDrive/guvi/data/Faulty_solar_panel/Clean/Clean (111).jpg,Clean,1
/content/drive/MyDrive/guvi/data/Faulty_solar_panel/Clean/Clean (110).jpg,Clean,1
/content/drive/MyDrive/guvi/data/Faulty_solar_panel/Clean/Clean (124).jpg,Clean,1
/content/drive/MyDrive/guvi/data/Faulty_solar_panel/Clean/Clean (113).jpg,Clean,1
/content/drive/MyDrive/guvi/data/Faulty_solar_panel/Clean/Clean (118).jpg,Clean,1
/content/drive/MyDrive/guvi/data/Faulty_solar_panel/Clean/Clean (131).jpg,Clean,1
/content/drive/MyDrive/guvi/data/Faulty_solar_panel/Clean/Clean (120).jpg,Clean,1
/content/drive/MyDrive/guvi/data/Faulty_solar_panel/Clean/Clean (122).jpg,Clean,1
/content/drive/MyDrive/guvi/data/Faulty_solar_panel/Clean/Clean (108).jpg,Clean,1
/content/drive/MyDrive/guvi/data/Faulty_solar_panel/Clean/Clean (13).jpg,Clean,1
/content/drive/MyDrive/guvi/data/Faulty_solar_panel/Clean/Clean (107).jpg,Clean,1
/content/drive/MyDrive/guvi/data/Faulty_solar_panel/Clean/Clean (114).jpg,Clean,1
/content/drive/MyDrive/guvi/data/Faulty_solar_panel/Clean/Clean (102).jpg,Clean,1
/content/drive/MyDrive/guvi/data/Faulty_solar_panel/Clean/Clean (116).jpg,Clean,1
/content/drive/MyDrive/guvi/data/Faulty_solar_panel/Clean/Clean (125).jpg,Clean,1
/content/drive/MyDrive/guvi/data/Faulty_solar_panel/Clean/Clean (130).jpg,Clean,1
/content/drive/MyDrive/guvi/data/Faulty_solar_panel/Clean/Clean (119).jpg,Clean,1
/content/drive/MyDrive/guvi/data/Faulty_solar_panel/Clean/Clean (105).jpg,Clean,1
/content/drive/MyDrive/guvi/data/Faulty_solar_panel/Clean/Clean (10).JPG,Clean,1
/content/drive/MyDrive/guvi/data/Faulty_solar_panel/Clean/Clean (101).jpg,Clean,1
/content/drive/MyDrive/guvi/data/Faulty_solar_panel/Clean/Clean (1).jpeg,Clean,1
/content/drive/MyDrive/guvi/data/Faulty_solar_panel/Clean/Clean (106).jpg,Clean,1
/content/drive/MyDrive/guvi/data/Faulty_solar_panel/Clean/Clean (103).jpg,Clean,1
/content/drive/MyDrive/guvi/data/Faulty_solar_panel/Clean/Clean (109).jpg,Clean,1
/content/drive/MyDrive/guvi/data/Faulty_solar_panel/Clean/Clean (104).jpg,Clean,1
/content/drive/MyDrive/guvi/data/Faulty_solar_panel/Clean/Clean (100).jpg,Clean,1
